filename,month,hour,total_rows,valid_m_count,pct_m_nonzero,avg_m_nonzero
route_06_00_tradeoffs.csv,06,00,135,0,0.0,0
route_06_05_tradeoffs.csv,06,05,135,0,0.0,0
route_06_06_tradeoffs.csv,06,06,135,0,0.0,0
route_06_07_tradeoffs.csv,06,07,135,0,0.0,0
route_06_08_tradeoffs.csv,06,08,135,34,25.185185185185183,3.6819617729232736
route_06_09_tradeoffs.csv,06,09,135,54,40.0,6.675444297359356
route_06_10_tradeoffs.csv,06,10,135,58,42.96296296296296,1.8007267727039507
route_06_11_tradeoffs.csv,06,11,135,66,48.888888888888886,3.8277443977785945
route_06_12_tradeoffs.csv,06,12,135,76,56.2962962962963,1.4495906572039114
route_06_13_tradeoffs.csv,06,13,135,69,51.11111111111111,0.22688207693702322
route_06_14_tradeoffs.csv,06,14,135,73,54.074074074074076,0.4152934497280996
route_06_15_tradeoffs.csv,06,15,135,70,51.85185185185185,1.1003664608954915
route_06_16_tradeoffs.csv,06,16,135,51,37.77777777777778,1.6907264996249551
route_06_17_tradeoffs.csv,06,17,135,45,33.33333333333333,1.288328799358234
route_06_18_tradeoffs.csv,06,18,135,31,22.962962962962962,0.8661974356452421
route_06_19_tradeoffs.csv,06,19,135,17,12.592592592592592,27.685076332129228
route_07_00_tradeoffs.csv,07,00,135,0,0.0,0
route_07_06_tradeoffs.csv,07,06,135,0,0.0,0
route_07_07_tradeoffs.csv,07,07,135,0,0.0,0
route_07_08_tradeoffs.csv,07,08,135,32,23.703703703703706,2.084534630120302
route_07_09_tradeoffs.csv,07,09,135,51,37.77777777777778,9.856583316257153
route_07_10_tradeoffs.csv,07,10,135,57,42.22222222222222,4.502518992511845
route_07_11_tradeoffs.csv,07,11,135,69,51.11111111111111,0.9345586677833779
route_07_12_tradeoffs.csv,07,12,135,75,55.55555555555556,1.8180660657080565
route_07_13_tradeoffs.csv,07,13,135,71,52.59259259259259,0.3653142614260803
route_07_14_tradeoffs.csv,07,14,135,70,51.85185185185185,3.606238791067286
route_07_15_tradeoffs.csv,07,15,135,69,51.11111111111111,0.6047574419663768
route_07_16_tradeoffs.csv,07,16,135,65,48.148148148148145,11.931129587706005
route_07_17_tradeoffs.csv,07,17,135,70,51.85185185185185,37.612296877151174
route_07_18_tradeoffs.csv,07,18,135,29,21.48148148148148,2.6432710702503024
route_07_19_tradeoffs.csv,07,19,135,14,10.37037037037037,2.549242006370125
route_08_00_tradeoffs.csv,08,00,135,0,0.0,0
route_08_06_tradeoffs.csv,08,06,135,0,0.0,0
route_08_07_tradeoffs.csv,08,07,135,0,0.0,0
route_08_08_tradeoffs.csv,08,08,135,24,17.77777777777778,8.509643062815128
route_08_09_tradeoffs.csv,08,09,135,47,34.81481481481482,12.226422014550266
route_08_10_tradeoffs.csv,08,10,135,56,41.48148148148148,4.829493733788432
route_08_11_tradeoffs.csv,08,11,135,72,53.333333333333336,1.6212287900129725
route_08_12_tradeoffs.csv,08,12,135,81,60.0,4.185235348921251
route_08_13_tradeoffs.csv,08,13,135,71,52.59259259259259,0.7363232278011952
route_08_14_tradeoffs.csv,08,14,135,69,51.11111111111111,0.6522820527114511
route_08_15_tradeoffs.csv,08,15,135,66,48.888888888888886,1.3542786760556365
route_08_16_tradeoffs.csv,08,16,135,49,36.2962962962963,11.984316208437205
route_08_17_tradeoffs.csv,08,17,135,40,29.629629629629626,2.3048850124460434
route_08_18_tradeoffs.csv,08,18,135,20,14.814814814814813,10.449806691934514
