center_a,center_b,d_short,cd_short,d_cool,cd_cool,delta_dist,delta_cd,m
0,31,142.99925301221097,198.3976000632565,144.65067598066668,173.15711280482418,1.6514229684557051,25.240487258432324,0.06542753915750968
0,69,89.95657181031991,241.73399965879656,89.95657181031991,241.73399965879656,0.0,0.0,
0,70,191.57237859334833,640.7181605206308,195.38270863540313,560.6078750914096,3.810330042054801,80.11028542922122,0.04756355593591401
0,83,196.0031574834379,615.4831612088449,196.0031574834379,615.4831612088448,0.0,1.1368683772161603e-13,0.0
1,6,196.77725993565798,389.25762318008583,199.7146811858341,354.44296799786076,2.937421250176129,34.81465518222507,0.08437312490390127
1,63,199.94538562838142,155.92320593603515,199.94538562838142,155.92320593603515,0.0,0.0,
1,64,194.16086254507763,180.65404895741582,194.16086254507763,180.65404895741582,0.0,0.0,
1,81,190.98838091709385,608.7785107489427,190.98838091709385,608.7785107489427,0.0,0.0,
2,18,186.95340683344068,539.9027215620655,186.95340683344068,539.9027215620654,0.0,1.1368683772161603e-13,0.0
2,45,189.23270573013076,171.1885963763544,189.23270573013076,171.1885963763544,0.0,0.0,
2,82,144.1273913046048,410.7090349974551,144.1273913046048,410.7090349974551,0.0,0.0,
3,53,180.9352455267149,334.5907475352491,180.9352455267149,334.5907475352491,0.0,0.0,
3,59,166.67548902309485,347.84133266607114,166.67548902309485,347.84133266607114,0.0,0.0,
3,71,197.11545880273925,448.7279587451868,199.25258441780602,386.51496901733464,2.137125615066765,62.212989727852175,0.03435175876317022
3,72,88.23053825454718,143.8182370413289,88.23053825454718,143.8182370413289,0.0,0.0,
3,81,148.97767236992692,599.296507446494,149.53302415466712,584.6478806087644,0.5553517847401963,14.648626837729694,0.037911525147859323
4,5,194.89417012820073,758.7619503775713,194.89417012820073,758.7619503775713,0.0,0.0,
4,14,126.36733273414222,315.220699684342,128.1104563715165,293.468749857986,1.743123637374282,21.751949826355997,0.08013643150565779
4,16,127.84647547325363,334.947921919505,127.84647547325363,334.947921919505,0.0,0.0,
5,9,87.02882079734266,319.73209208454483,87.02882079734266,319.73209208454483,0.0,0.0,
5,16,163.02204251314512,700.4426302650545,163.02204251314512,700.4426302650546,0.0,-1.1368683772161603e-13,
6,12,174.87621287928735,542.1512325983358,174.87621287928735,542.1512325983357,0.0,1.1368683772161603e-13,0.0
6,35,172.393815408611,490.6952218428943,172.393815408611,490.6952218428943,0.0,0.0,
6,81,147.86584382834147,429.3493068917897,147.86584382834147,429.34930689178975,0.0,-5.684341886080802e-14,
7,13,158.37065868865565,652.5332554320769,161.4642451891169,604.9743324284441,3.0935865004612424,47.5589230036328,0.06504744651650203
7,40,164.2983292229938,142.98153980593042,164.2983292229938,142.98153980593042,0.0,0.0,
8,17,123.42239682744582,382.16174355628215,123.69194852721404,366.2207942612013,0.2695516997682148,15.940949295080827,0.016909388191291407
8,18,135.58891774327358,466.2411912009276,135.58891774327358,466.2411912009276,0.0,0.0,
8,65,191.3711730166703,916.2262628133249,191.3711730166703,916.2262628133248,0.0,1.1368683772161603e-13,0.0
10,11,161.36082148275906,642.7167490661004,161.3608214827591,642.7167490661004,2.842170943040401e-14,0.0,
10,20,162.11318160798373,916.1138329205792,162.11318160798373,916.1138329205791,0.0,1.1368683772161603e-13,0.0
12,54,162.50501337663366,438.92078576346626,162.50501337663366,438.92078576346626,0.0,0.0,
12,77,166.25146952334603,820.7369470631672,166.25146952334603,820.7369470631673,0.0,-1.1368683772161603e-13,
13,28,143.92621234289092,812.7339955759754,143.92621234289092,812.7339955759754,0.0,0.0,
13,39,128.6642814514086,244.5301835780949,128.66428145140864,244.5301835780949,2.842170943040401e-14,0.0,
14,42,185.36410298964586,283.0078480877529,185.78045745939497,204.03835939951287,0.41635446974910906,78.96948868824003,0.005272346024586983
14,84,114.54347940685744,162.0734833828142,114.54347940685746,162.07348338281417,1.4210854715202004e-14,2.842170943040401e-14,0.5
16,43,157.46811556817454,262.9168004993221,157.46811556817454,262.9168004993221,0.0,0.0,
16,68,191.30513265838357,593.3935077003941,191.3051326583836,593.393507700394,2.842170943040401e-14,1.1368683772161603e-13,0.25
17,44,187.70749503018544,135.47517952697257,187.70749503018544,135.47517952697257,0.0,0.0,
17,67,167.73923491781946,431.4434913873641,167.73923491781946,431.4434913873641,0.0,0.0,
18,75,154.27203405953898,440.9807647506355,154.272034059539,440.98076475063544,2.842170943040401e-14,5.684341886080802e-14,0.5
18,82,183.85942150957536,405.05905157580196,185.68256937632833,360.07441015228375,1.8231478667529757,44.98464142351821,0.04052822939252827
19,25,170.58118427194677,342.8997657672961,170.58118427194677,342.89976576729623,0.0,-1.1368683772161603e-13,
19,74,164.82746412082685,838.3923137059976,165.90253571228513,670.2816392934743,1.0750715914582827,168.11067441252328,0.0063950227742242405
20,38,187.78543263052845,570.4720900627321,187.78543263052845,570.4720900627321,0.0,0.0,
20,39,188.98059436676238,734.4414859127116,190.13952496797395,727.1436632342271,1.1589306012115799,7.297822678484522,0.15880498228990203
21,23,156.43835562141084,633.3709542017207,156.43835562141084,633.3709542017208,0.0,-1.1368683772161603e-13,
21,24,168.03026038459626,744.5008297787299,168.03026038459626,744.50082977873,0.0,-1.1368683772161603e-13,
21,35,190.92014680378432,675.0633383610783,194.25642709555066,556.5155069623662,3.336280291766343,118.5478313987121,0.028142904449643
21,55,174.81698853020325,659.1991684912213,174.81698853020325,659.1991684912214,0.0,-1.1368683772161603e-13,
22,24,175.32784079084828,653.309955015649,175.36439841436493,579.2853248245768,0.036557623516642934,74.02463019107222,0.0004938575636552385
22,25,154.56733431253807,589.9507287352869,154.56733431253812,589.950728735287,5.684341886080802e-14,-1.1368683772161603e-13,
22,46,187.89823272206155,374.6816314047596,189.17073885350993,367.441021379662,1.272506131448381,7.240610025097624,0.17574570748011306
22,47,198.41456901954876,616.9666343169915,198.41456901954876,616.9666343169916,0.0,-1.1368683772161603e-13,
22,49,190.86978985233011,833.873623112618,190.86978985233011,833.873623112618,0.0,0.0,
22,74,157.7557491691142,1001.7223589845016,157.7557491691142,1001.7223589845016,0.0,0.0,
23,24,159.38797390878017,327.33681584017637,161.25595664513696,288.09312528945804,1.8679827363567938,39.24369055071833,0.047599568494778116
23,25,124.4646741707901,323.4301484526025,126.16648641018703,307.86729690273427,1.7018122393969293,15.562851549868242,0.10935092672083846
24,25,131.33515646885292,268.9496414345177,131.3352134882401,268.93744439687407,5.7019387185164305e-05,0.01219703764360247,0.004674855391224592
24,50,162.12860556058962,251.18973441251745,163.27839491062778,250.1501811489234,1.1497893500381622,1.0395532635940583,1.10604178766462
26,27,165.75386242749465,898.3727614189621,165.75386242749465,898.3727614189621,0.0,0.0,
26,56,165.47108095378087,564.2965762690521,166.21612426275465,499.67017147110187,0.7450433089737771,64.62640479795027,0.011528465977692873
26,79,163.67635170904825,740.6037184333819,163.67635170904825,740.6037184333819,0.0,0.0,
27,32,195.08595588600488,912.6519637671715,198.0360001452968,733.8840120399939,2.9500442592919285,178.76795172717766,0.01650208681584083
28,38,177.50780583606934,429.3632776194105,177.50780583606937,429.3632776194105,2.842170943040401e-14,0.0,
28,78,136.63236089816075,626.6247398010265,136.63236089816075,626.6247398010266,0.0,-1.1368683772161603e-13,
29,30,171.7138790843528,443.79031549294547,171.7138790843528,443.7903154929454,0.0,5.684341886080802e-14,0.0
29,33,169.34621308497458,599.3329096404216,169.37488772628413,504.2473729382043,0.028674641309549997,95.08553670221727,0.0003015668029445044
30,32,187.26071463106052,495.43902376793704,188.11661589951981,449.60655772691723,0.8559012684592915,45.83246604101981,0.018674562867580905
30,33,174.96764177967123,461.97458271141824,174.96764177967125,461.9745827114182,2.842170943040401e-14,5.684341886080802e-14,0.5
30,58,176.1887024227663,371.5316213180646,176.1887024227663,371.53162131806454,0.0,5.684341886080802e-14,0.0
31,59,148.14912538601732,343.2622357999047,148.14912538601732,343.2622357999047,0.0,0.0,
31,69,196.25319542320656,322.63377300109636,196.2531954232066,322.6337730010963,2.842170943040401e-14,5.684341886080802e-14,0.5
31,70,159.23363520342207,562.2443484993404,159.23363520342207,562.2443484993404,0.0,0.0,
31,71,191.84880245447872,337.49590568889664,191.84880245447872,337.49590568889664,0.0,0.0,
33,75,123.77889638750489,685.7223019301941,123.77889638750489,685.7223019301942,0.0,-1.1368683772161603e-13,
33,83,156.70143801806645,483.99756858335917,156.70143801806645,483.99756858335917,0.0,0.0,
34,57,156.63189742240067,387.5447798623148,157.03539205887304,383.25758689084023,0.4034946364723737,4.287192971474553,0.09411627588426331
34,60,190.0380040124671,799.6508884591893,190.43404938289797,786.1867050712865,0.39604537043086907,13.464183387902835,0.02941473381792348
34,61,196.3555618998669,856.0669738725485,197.8967284027836,800.5619221493571,1.5411665029166954,55.5050517231914,0.02776623847866369
35,50,164.1164805443882,979.6292477297845,166.41407925595834,964.9506635781437,2.2975987115701457,14.678584151640848,0.15652727046656664
35,53,180.5480698084364,695.8703897319588,180.57792126754546,502.77545772664297,0.029851459109067946,193.0949320053158,0.00015459473119805212
35,55,192.3569586604629,534.2012846241382,193.1410480889524,527.8655240297917,0.7840894284894944,6.335760594346539,0.12375616420689017
36,37,141.42703661452802,834.4872004005052,142.3546400860766,450.5570670786077,0.9276034715485935,383.93013332189753,0.0024160736317377445
36,48,143.5710423695883,415.48311074324386,143.57104236958833,415.48311074324386,2.842170943040401e-14,0.0,
36,66,134.82020913671403,428.9876443928248,134.82020913671403,428.9876443928248,0.0,0.0,
37,42,187.21681194164285,867.1081547448215,187.21681194164287,867.1081547448215,2.842170943040401e-14,0.0,
38,39,144.63171019465315,178.39933240861697,146.24171962597168,169.9729264952926,1.610009431318531,8.426405913324373,0.1910671581548998
38,80,186.45627320318903,673.0168460495013,188.85309343379325,611.2745488241193,2.39682023060422,61.742297225382,0.03881974494494347
40,41,189.74490476855527,801.6796084617865,189.74490476855527,801.6796084617865,0.0,0.0,
40,77,195.14953274437562,819.8864303227466,196.61393377647593,771.3721663098241,1.4644010321003122,48.51426401292247,0.030184958215799133
43,44,133.8867874305333,664.5251388676843,133.8867874305333,664.5251388676843,0.0,0.0,
44,45,86.45585212127962,224.29090686431718,86.45585212127962,224.29090686431718,0.0,0.0,
45,68,182.11435903295327,449.9404170625511,182.11435903295327,449.94041706255103,0.0,5.684341886080802e-14,0.0
45,82,155.86813408839822,292.104182056477,155.86813408839822,292.104182056477,0.0,0.0,
46,47,132.29331468865286,163.2912803802577,132.29331468865286,163.2912803802577,0.0,0.0,
46,50,90.22693840645984,235.67212018839868,90.22693840645985,235.67212018839868,1.4210854715202004e-14,0.0,
46,51,196.1503286918214,326.56579915731146,196.1503286918214,326.56579915731146,0.0,0.0,
47,51,182.785959464502,128.24547445767956,182.78595946450204,128.24547445767956,2.842170943040401e-14,0.0,
47,84,164.38081465545878,879.6430596586964,164.38081465545878,879.6430596586964,0.0,0.0,
48,49,120.9693390045841,309.78661879193896,120.96933900458414,309.786618791939,4.263256414560601e-14,-5.684341886080802e-14,
48,84,169.32748992621654,330.77369858662513,169.32748992621654,330.77369858662513,0.0,0.0,
49,74,139.25500014096394,532.8833639884984,139.25500014096394,532.8833639884984,0.0,0.0,
51,52,129.44716065147261,635.2859326006578,129.44716065147261,635.2859326006578,0.0,0.0,
52,71,107.86871933277101,295.62660085543376,107.86871933277101,295.6266008554338,0.0,-5.684341886080802e-14,
53,72,183.36630280774435,422.1094930546026,183.36630280774438,422.10949305460264,2.842170943040401e-14,-5.684341886080802e-14,
54,55,47.12943237445113,253.78476765442483,47.12943237445113,253.7847676544248,0.0,2.842170943040401e-14,0.0
56,60,198.2866954476652,1011.6085924203394,198.28669544766524,1011.6085924203395,2.842170943040401e-14,-1.1368683772161603e-13,
56,79,170.6931253203857,317.51437778605094,170.6931253203857,317.51437778605094,0.0,0.0,
56,80,160.63104747784524,238.45385019926096,160.6310474778453,238.45385019926096,5.684341886080802e-14,0.0,
57,58,117.21459434836726,214.5102911231966,117.21459434836726,214.51029112319662,0.0,-2.842170943040401e-14,
57,60,194.66533163364693,819.9880223630914,194.66533163364693,819.9880223630914,0.0,0.0,
57,61,178.8590173148421,824.2133683809056,178.8590173148421,824.2133683809056,0.0,0.0,
57,64,178.70955604708354,207.22057832381876,178.70955604708354,207.22057832381873,0.0,2.842170943040401e-14,0.0
58,83,160.9787242181729,389.96796819691457,160.9787242181729,389.96796819691446,0.0,1.1368683772161603e-13,0.0
59,64,170.31056773589617,599.6724202209375,173.1371724518456,311.36517652365836,2.826604715949429,288.30724369727915,0.009804140470772726
59,72,152.53352473582632,344.9147689151757,152.53352473582632,344.9147689151757,0.0,0.0,
59,81,175.50029647637047,332.48399935323704,175.50029647637047,332.48399935323704,0.0,0.0,
60,61,41.76835033626358,192.71827677179567,41.76835033626358,192.71827677179567,0.0,0.0,
60,64,163.76368222484228,591.1671867630183,163.76368222484228,591.1671867630182,0.0,1.1368683772161603e-13,0.0
61,62,180.06948611293882,611.8286783118328,181.00525327030294,497.86290586282166,0.9357671573641255,113.96577244901118,0.008210949105643031
61,63,181.43367160049286,410.1454498459432,181.4336716004929,410.1454498459432,2.842170943040401e-14,0.0,
61,64,121.9953318885787,398.4489099912227,121.99533188857873,398.4489099912227,2.842170943040401e-14,0.0,
62,63,97.76396235710251,165.92169598982284,97.76396235710251,165.92169598982284,0.0,0.0,
62,80,189.29410518476172,353.8001001675028,192.1668854703001,254.16170140786875,2.8727802855383686,99.63839875963407,0.028832059941756125
63,64,194.74854353086204,655.0598227141221,194.74854353086207,655.0598227141222,2.842170943040401e-14,-1.1368683772161603e-13,
64,81,190.10728367090584,404.6564796888506,191.44352843012518,321.37281191630507,1.3362447592193405,83.28366777254553,0.016044499419366757
65,67,179.43782030720809,1036.4366651774073,180.2963330050195,742.4420747157982,0.8585126978114204,293.99459046160916,0.0029201649474687457
68,70,180.2962273244721,1031.9359972194975,180.2962273244721,1031.9359972194975,0.0,0.0,
69,70,195.27741590985505,554.0035067045781,195.27741590985505,554.0035067045781,0.0,0.0,
72,81,125.914105286733,574.786534068173,125.914105286733,574.786534068173,0.0,0.0,
75,76,113.45367945598743,728.7488829294579,113.45367945598743,728.7488829294577,0.0,1.1368683772161603e-13,0.0
77,78,184.73471504422125,580.3476231901969,186.1991160763216,531.8333591772744,1.4644010321003407,48.51426401292258,0.030184958215799647
79,80,193.60237539251906,749.3667577764567,193.60237539251906,749.3667577764567,0.0,0.0,
